id,subject_id,chapter_id,question,option_1,option_2,option_3,option_4,answer,created_at,updated_at
f4acc1bd-2397-4a48-9925-e0a391d8f2d5,d862b9ed-aaa5-4725-a995-5f67c7f0c8f0,1e9d9931-8071-4cb9-b55d-53771462b749,"Give opposite gender for: 'Ram'(GSSSB NI 2020)",Ewe,Laxman,Ramila,Goddess,option_1,2020-08-23 18:55:45,2020-08-23 18:55:45
17003c9e-ccf8-427a-87f3-e4df2e9a3745,d862b9ed-aaa5-4725-a995-5f67c7f0c8f0,1e9d9931-8071-4cb9-b55d-53771462b749,"The gender of the word 'Parent' is of which type? (HNGU JC 2019)",Masculine Gender,Feminine Gender,Common Gender,Neuter Gender,option_3,2020-08-23 19:00:03,2020-08-23 19:00:03
72335a00-d485-4cc4-96c4-8cea7e144895,d862b9ed-aaa5-4725-a995-5f67c7f0c8f0,1e9d9931-8071-4cb9-b55d-53771462b749,"Change the gender of: (GSSSB CO 2019)
 'Wizard'",Witch,Wizerdess,Wizardy,Wizardes,option_1,2020-08-23 19:06:41,2020-08-23 19:06:41
166a3e39-a207-4e30-9fe8-cf33e6b2371a,d862b9ed-aaa5-4725-a995-5f67c7f0c8f0,1e9d9931-8071-4cb9-b55d-53771462b749,"Give opposite gender for: 'Bullock' (GSSSB OSCF 2019)",Heifer,Bully,Calf,Colt,option_1,2020-08-23 19:18:41,2020-08-23 19:18:41
0e64bbdd-00f0-4eb8-865c-f2791af38cf8,d862b9ed-aaa5-4725-a995-5f67c7f0c8f0,1e9d9931-8071-4cb9-b55d-53771462b749,"Give opposite gender for: 'Colt' (GSSSB OSUD 2019)",Filly,Colty,Mare,Horse,option_1,2020-08-23 19:21:27,2020-08-23 19:21:27
41d2c552-a020-45c4-ad8d-84dbc858e776,d862b9ed-aaa5-4725-a995-5f67c7f0c8f0,1e9d9931-8071-4cb9-b55d-53771462b749,"Change the gender of: 'Duck'(GSSSB BS 2019)",Dutch,Duke,Drake,Dukling,option_3,2020-08-23 19:31:50,2020-08-23 19:31:50
0b8fffa0-bf8d-466d-a3d6-e0d6199e7595,d862b9ed-aaa5-4725-a995-5f67c7f0c8f0,1e9d9931-8071-4cb9-b55d-53771462b749,"Give opposite gender for: 'Earl' (AMC SGS 2019)",Countess,Emperor,Late,Early,option_1,2020-08-23 19:36:05,2020-08-23 19:36:05
14e0a5e8-f70e-4d55-b9bb-3e95dfc7342e,d862b9ed-aaa5-4725-a995-5f67c7f0c8f0,1e9d9931-8071-4cb9-b55d-53771462b749,Find out the masculine noun.(GSRTC ES 2019),Aunt,Waiter,Fiancee,Hen,option_2,2020-08-23 19:44:53,2020-08-23 19:44:53
8dbb267f-67ef-44bf-a745-b0c02e4f5416,d862b9ed-aaa5-4725-a995-5f67c7f0c8f0,1e9d9931-8071-4cb9-b55d-53771462b749,Select opposite gender of the following.(GSSSB 2019),roe,harty,hen,hartess,option_1,2020-08-23 19:51:18,2020-08-23 19:51:18
148a259a-82be-40b9-b97f-94ef8d2839cd,d862b9ed-aaa5-4725-a995-5f67c7f0c8f0,1e9d9931-8071-4cb9-b55d-53771462b749,"Select opposite gender of the following. (GSSSB HC 2019)
'Buck'",deer,doe,bitch,buckess,option_2,2020-08-23 19:54:34,2020-08-23 19:54:34
f53cd462-93b7-4843-b8b1-914a33160bab,d862b9ed-aaa5-4725-a995-5f67c7f0c8f0,1e9d9931-8071-4cb9-b55d-53771462b749,"Change the gender: (GSSSB JI 2018)
'Fox'",Vixen,Jackle/Jackal,Foxen,Foxy,option_1,2020-08-23 19:57:54,2020-08-23 19:57:54
8b8af8d4-7602-43e1-a0a3-63a8acdbe96a,d862b9ed-aaa5-4725-a995-5f67c7f0c8f0,1e9d9931-8071-4cb9-b55d-53771462b749,"Change the gender:(GSSSB JI 2018)
'Stag'",Hind,Stagi,Stagnant,Hynd,option_1,2020-08-23 20:00:55,2020-08-23 20:00:55
b5dedbf8-7035-4e21-b9ee-10e45efecd4b,d862b9ed-aaa5-4725-a995-5f67c7f0c8f0,1e9d9931-8071-4cb9-b55d-53771462b749,"Feminine gender of 'Bachelor' is ______. (GSSSB FSO 2018)",student,married,spinster,girl,option_3,2020-08-23 20:03:54,2020-08-23 20:03:54
54cf95e8-6782-48d3-8fff-14fc707339c4,d862b9ed-aaa5-4725-a995-5f67c7f0c8f0,1e9d9931-8071-4cb9-b55d-53771462b749,"Opposite gender of 'Abbot'. (GSSSB FO 2018)",Abbortress,Abbotess,Abbess,Abbotee,option_3,2020-08-23 20:07:25,2020-08-23 20:07:25
59a8e9da-35a2-445f-848e-d9917d4a7ac0,d862b9ed-aaa5-4725-a995-5f67c7f0c8f0,1e9d9931-8071-4cb9-b55d-53771462b749,Find out feminine noun.(DGVCL JA 2018),Heroine,Widower,Lion,Peacock,option_1,2020-08-23 20:16:32,2020-08-23 20:16:32
b8aaba13-4b1a-4da9-bc91-5beb09437b1d,d862b9ed-aaa5-4725-a995-5f67c7f0c8f0,1e9d9931-8071-4cb9-b55d-53771462b749,"Give opposite gender for: 'Monk'",Nun,Priest,Friar,Monky,option_1,2020-08-23 20:19:44,2020-08-23 20:19:44
a78d860b-9a77-4a3b-ae7c-677ee7b909fc,d862b9ed-aaa5-4725-a995-5f67c7f0c8f0,1e9d9931-8071-4cb9-b55d-53771462b749,"Opposite gender of 'Niece' is_____. (GSSSB MDB 2017)",Neview,Nephew,Cousin,Neiphew,option_2,2020-08-23 20:23:31,2020-08-23 20:23:31
84f6bb41-fbde-41fc-9512-6f4a50c5605d,d862b9ed-aaa5-4725-a995-5f67c7f0c8f0,1e9d9931-8071-4cb9-b55d-53771462b749,"Masculine gender of 'Bee' is (GSSSB RA 2017)",Drone,Drake,Beak,Bear,option_1,2020-08-23 20:26:25,2020-08-23 20:26:25
7a0a20cc-2abb-415e-b382-5498ccf60b99,d862b9ed-aaa5-4725-a995-5f67c7f0c8f0,1e9d9931-8071-4cb9-b55d-53771462b749,Which pair of nouns gender is not correct? (DFS S 2017),Earl - Countess,Dog - Bitch,Fox - Vixen,Gentel man - Gentel woman,option_4,2020-08-23 20:32:14,2020-08-23 20:32:14
f1ca27a0-2491-4829-be5b-1de91a03e4e9,d862b9ed-aaa5-4725-a995-5f67c7f0c8f0,1e9d9931-8071-4cb9-b55d-53771462b749,"Feminine from of: 'Horse' (GSSSB SA 2017)",Calf,Colt,Mare,Horses,option_3,2020-08-23 20:35:52,2020-08-23 20:35:52
c77fca75-8d6d-499c-a9a2-f912edce70aa,d862b9ed-aaa5-4725-a995-5f67c7f0c8f0,1e9d9931-8071-4cb9-b55d-53771462b749,The young one of lion is called a ____. (DPSSC MPHWSA 2017),cub,lioness,small lion,baby,option_1,2020-08-23 20:40:16,2020-08-23 20:40:16
bcd43658-b292-44e7-aeff-fa171f795f2a,d862b9ed-aaa5-4725-a995-5f67c7f0c8f0,1e9d9931-8071-4cb9-b55d-53771462b749,"Change the gender: 'Dog' (GSSSB JA 2016)",dogee,bitch,beach,doney,option_2,2020-08-23 20:45:51,2020-08-23 20:45:51
33f5321f-5898-4b8d-ba4b-031db874b32f,d862b9ed-aaa5-4725-a995-5f67c7f0c8f0,6d6bec16-ee52-40e2-b7e2-637162884484,"'A' is _____indefinite article. (GSSSB AO 2020 / GSSSB OSUD 2019 / GSSSB PO 2016 / GSSSB AA 2016)",a,the,an,none,option_3,2020-08-24 18:50:21,2020-08-24 18:50:21
6e9deb55-07c4-485d-b0e7-0036d067a1dc,d862b9ed-aaa5-4725-a995-5f67c7f0c8f0,6d6bec16-ee52-40e2-b7e2-637162884484,Our train is late by half ____hour. (GUJ JC 2019),a,an,the,no word,option_2,2020-08-24 18:53:35,2020-08-24 18:53:35
cba93961-afd9-47fa-b865-8cb2d542461b,d862b9ed-aaa5-4725-a995-5f67c7f0c8f0,6d6bec16-ee52-40e2-b7e2-637162884484,I read _____interesting story in ____Bible. (GAU JC 2019),a; the,an; a,an; the,the; a,option_3,2020-08-24 19:01:29,2020-08-24 19:01:29
01c556dd-5fcb-4eeb-a948-8fd95eed45de,d862b9ed-aaa5-4725-a995-5f67c7f0c8f0,6d6bec16-ee52-40e2-b7e2-637162884484,This house is very nice. Has it got ____ garden? (HNGU JC 2019),an,a,the,none of the above,option_2,2020-08-24 19:06:12,2020-08-24 19:06:12
5c0bda14-df82-4b75-a4b2-f6e19e8c661d,d862b9ed-aaa5-4725-a995-5f67c7f0c8f0,6d6bec16-ee52-40e2-b7e2-637162884484,Would you like ____apple?,a,an,the,these,option_2,2020-08-24 19:20:47,2020-08-24 19:20:47
0bce9324-b554-4e8d-9e3c-c0787d5abd43,d862b9ed-aaa5-4725-a995-5f67c7f0c8f0,6d6bec16-ee52-40e2-b7e2-637162884484,France is ____European country.(GSRTC JA 2019),an,a,the,no article,option_2,2020-08-24 19:23:10,2020-08-24 19:23:10
016cbc44-d8a6-4af5-b5f3-6f0133039cec,d862b9ed-aaa5-4725-a995-5f67c7f0c8f0,6d6bec16-ee52-40e2-b7e2-637162884484,I have read ____book you are talking of. (GSRTC TC 2019),a,an,the,none of above,option_3,2020-08-24 19:26:37,2020-08-24 19:26:37
9f7becee-fa03-433e-b62e-cedb6679c7e0,d862b9ed-aaa5-4725-a995-5f67c7f0c8f0,6d6bec16-ee52-40e2-b7e2-637162884484,I would like to meet Jumpa Lahiri ____. (GSSSB SIC 2019),writer,the writer,either A or B can be used,rinter,option_2,2020-08-24 19:29:57,2020-08-24 19:29:57
246ed0b4-4049-4ce7-a31e-9dae2cba1ba0,d862b9ed-aaa5-4725-a995-5f67c7f0c8f0,6d6bec16-ee52-40e2-b7e2-637162884484,______Ranchhod Pitamber is suspected by the police. (GSSSB BS 2019),a,an,the,no article,option_1,2020-08-24 19:37:20,2020-08-24 19:37:20
273a38e5-3685-4b20-b976-58d513a7f851,d862b9ed-aaa5-4725-a995-5f67c7f0c8f0,6d6bec16-ee52-40e2-b7e2-637162884484,I bought an oil tin but it did not contain ____oil. (SSA CO 2019),a,an,the,no article,option_3,2020-08-24 19:40:04,2020-08-24 19:40:04
43bf3544-21af-438c-884f-c3783bbff8cf,d862b9ed-aaa5-4725-a995-5f67c7f0c8f0,6d6bec16-ee52-40e2-b7e2-637162884484,The thief who stole your money was sent to _____prison. (AMC SSI 2019),a,an,the,no article,option_3,2020-08-24 19:42:00,2020-08-24 19:42:00
fee6d0af-d89e-45bb-8203-dd555a8dbe8c,d862b9ed-aaa5-4725-a995-5f67c7f0c8f0,6d6bec16-ee52-40e2-b7e2-637162884484,My husband gave me ____twenty five roses. (GSBTM AAO 2019),a,the,an,none of these,option_4,2020-08-24 19:44:15,2020-08-24 19:44:15
d5b84f22-4cc4-42f4-94c1-604d9d93d84a,d862b9ed-aaa5-4725-a995-5f67c7f0c8f0,6d6bec16-ee52-40e2-b7e2-637162884484,Have you ever been to ____Mumbai? (GSBTM AAO 2019),a,the,an,none of these,option_4,2020-08-24 19:46:18,2020-08-24 19:46:18
091385b0-04ba-436c-87fd-f76651edefd0,d862b9ed-aaa5-4725-a995-5f67c7f0c8f0,6d6bec16-ee52-40e2-b7e2-637162884484,Have you got ____pen? (GSBTM CCT 2019),an,a,the,none of these,option_2,2020-08-24 19:48:00,2020-08-24 19:48:00
2564f1d7-a2e4-4dd9-b608-5bd836ba927f,d862b9ed-aaa5-4725-a995-5f67c7f0c8f0,6d6bec16-ee52-40e2-b7e2-637162884484,Paris is _____capital of France. (GSBTM SM 2019),a,the,an,none of these,option_2,2020-08-24 19:49:55,2020-08-24 19:49:55
474a9d91-53f6-4e7a-911e-0d8d056d4243,d862b9ed-aaa5-4725-a995-5f67c7f0c8f0,6d6bec16-ee52-40e2-b7e2-637162884484,You should help ____needy. (GSRTC ES 2019),a,an,the,none of above,option_3,2020-08-24 19:51:45,2020-08-24 19:51:45
59ad1ec2-1317-4bd5-b7bb-35b8c5d12334,d862b9ed-aaa5-4725-a995-5f67c7f0c8f0,6d6bec16-ee52-40e2-b7e2-637162884484,It was ____unique function. (GPCB SC 2019),the,an,a,that,option_3,2020-08-24 19:53:37,2020-08-24 19:53:37
c4f555b5-9163-44e5-99df-ffda4329cd2d,d862b9ed-aaa5-4725-a995-5f67c7f0c8f0,6d6bec16-ee52-40e2-b7e2-637162884484,Mussolini was ____ Hitler of Italy. (GPCB SC 2019),the,a,an,no article,option_1,2020-08-24 19:59:05,2020-08-24 19:59:05
65995ed7-49c8-4984-aeb6-cb28552bc268,d862b9ed-aaa5-4725-a995-5f67c7f0c8f0,6d6bec16-ee52-40e2-b7e2-637162884484,Mr. Patel is ___MLA. (GPCB SC 2019),the,an,that,a,option_2,2020-08-24 20:01:50,2020-08-24 20:01:50
64e2e008-be01-45a1-9aea-3d63a1f5ea1f,d862b9ed-aaa5-4725-a995-5f67c7f0c8f0,6d6bec16-ee52-40e2-b7e2-637162884484,Ram was ____best student in the class. (GSBTM AAO 2019),a,an,the,none of the above,option_3,2020-08-25 09:08:31,2020-08-25 09:08:31
8e2efb7a-f3d1-4f39-adf7-cb4de4e7ec57,d862b9ed-aaa5-4725-a995-5f67c7f0c8f0,6d6bec16-ee52-40e2-b7e2-637162884484,Please give me____ useful gift. (GSBTM AAO 2019),an,a,none of all,the,option_2,2020-08-25 09:10:47,2020-08-25 09:10:47
2867b790-d22b-4209-88ce-fb434084dbb3,d862b9ed-aaa5-4725-a995-5f67c7f0c8f0,6d6bec16-ee52-40e2-b7e2-637162884484,Please give me _____useful gift. (GSBTM AAO 2019),an,a,none of all,the,option_2,2020-08-25 09:13:54,2020-08-25 09:13:54
67bb99c9-6e25-47c1-945b-a5f038e6e3de,d862b9ed-aaa5-4725-a995-5f67c7f0c8f0,6d6bec16-ee52-40e2-b7e2-637162884484,Is there ____fitness center near your house?(IB SA 2019),an,the,a,none of these,option_4,2020-08-25 09:16:55,2020-08-25 09:16:55
6acaa2c1-2ee8-48f5-9bd4-06d8d6e44a31,d862b9ed-aaa5-4725-a995-5f67c7f0c8f0,6d6bec16-ee52-40e2-b7e2-637162884484,I have been to ____ doctor, whose name figured in the Times of India.(IB SA 2019),the,an,any,none of these,option_1,2020-08-25 09:20:25,2020-08-25 09:20:25
f32120fa-79e1-43b2-9b1d-18bc5686aa32,d862b9ed-aaa5-4725-a995-5f67c7f0c8f0,6d6bec16-ee52-40e2-b7e2-637162884484,I regret leaving ____ at fourteen. (GSSSB SIP 2019),at school,the school,of school,school,option_4,2020-08-25 09:22:43,2020-08-25 09:22:43
55e97c4a-c2a3-40f2-a850-bf8103ff7923,d862b9ed-aaa5-4725-a995-5f67c7f0c8f0,6d6bec16-ee52-40e2-b7e2-637162884484,_____ usually start walking at around one year old.(GSSSB SIP 2019),children,the children,child,a children,option_1,2020-08-25 09:25:03,2020-08-25 09:25:03
53e4bdf1-2679-4312-a5f0-77b011b75413,d862b9ed-aaa5-4725-a995-5f67c7f0c8f0,6d6bec16-ee52-40e2-b7e2-637162884484,"Let's go by ____. (GSSSB SIC 2019)",train,the train,either A or D can be used,trained,option_1,2020-08-25 09:28:06,2020-08-25 09:28:06
a8dabf13-0412-450c-ab79-37d631ed30f6,d862b9ed-aaa5-4725-a995-5f67c7f0c8f0,6d6bec16-ee52-40e2-b7e2-637162884484,Ahmedabad is ____Manchester of India. (bmc mphw 2018),the,a,an,none of three,option_1,2020-08-25 09:30:00,2020-08-25 09:30:00
2b1475f2-7c07-4906-853c-02be8d75070e,d862b9ed-aaa5-4725-a995-5f67c7f0c8f0,6d6bec16-ee52-40e2-b7e2-637162884484,_____European tourista are mad after _____Indian locations. (GPSSB EO 2018),a, an,an, an,an, the,the, the,option_4,2020-08-25 09:34:24,2020-08-25 09:34:24
e6b82b64-02f3-40cd-83ff-400c01fa9a20,d862b9ed-aaa5-4725-a995-5f67c7f0c8f0,6d6bec16-ee52-40e2-b7e2-637162884484,____ISRO launched _____ Mars Mission successfully.(GPSSB EO 2018),an, the,the, the,an, a,the,a,option_2,2020-08-25 09:37:23,2020-08-25 09:37:23
e2938472-b2ed-4a42-a3df-f16762e53888,d862b9ed-aaa5-4725-a995-5f67c7f0c8f0,6d6bec16-ee52-40e2-b7e2-637162884484,She is ____MS from _____European university. (GPSSB C 2018),an, a,a, an,a,a,an, an,option_1,2020-08-25 09:39:35,2020-08-25 09:39:35
764ff059-9bf0-4bb2-a537-5a1743bd49fa,d862b9ed-aaa5-4725-a995-5f67c7f0c8f0,6d6bec16-ee52-40e2-b7e2-637162884484,_____CEO of our company will visit ____new plant tomorrow. (GPSSB C 2018),the, an,the, the,a, a,a, the,option_2,2020-08-25 09:45:42,2020-08-25 09:45:42
908b6003-6980-4905-8393-6a3eb1d208bd,d862b9ed-aaa5-4725-a995-5f67c7f0c8f0,6d6bec16-ee52-40e2-b7e2-637162884484,I saw ____ European  who was travelling to ____East. (GPSSB EOA 2018),a-an,a-the,an-an,a-a,option_2,2020-08-25 09:48:34,2020-08-25 09:48:34
59345bdc-a4a3-447d-9e52-390754f364ad,d862b9ed-aaa5-4725-a995-5f67c7f0c8f0,6d6bec16-ee52-40e2-b7e2-637162884484,____ultimate decision will be taken by ____manager.(GPSSB EOA 2018),the-the,a-a,an- the,an-a,option_1,2020-08-25 09:52:28,2020-08-25 09:52:28
4bd34cf7-e9a9-4fe0-a740-a129610602d1,d862b9ed-aaa5-4725-a995-5f67c7f0c8f0,6d6bec16-ee52-40e2-b7e2-637162884484,____ American literature is as rich as ____ English literature. (GPSSB SN 2018),an, an,an, the,the, an,the, the,option_4,2020-08-25 09:57:02,2020-08-25 09:57:02
26f213b7-56a2-4025-aefb-647319c4c8ec,d862b9ed-aaa5-4725-a995-5f67c7f0c8f0,6d6bec16-ee52-40e2-b7e2-637162884484,_____ vice chancellor of our university will chair ____valedictory. (GPSSB SA 2018),the,a,the,the,a,the,a,a,option_2,2020-08-25 09:59:49,2020-08-25 09:59:49
1c973d3a-a305-478a-a1ec-fc0192645edd,d862b9ed-aaa5-4725-a995-5f67c7f0c8f0,6d6bec16-ee52-40e2-b7e2-637162884484,_____ chief of _____ Indian Navy will visit here soon. (GPSSB MS 2018),the, the,a, the,a, an,the, an,option_1,2020-08-25 10:05:54,2020-08-25 10:05:54
44e08d06-affb-4c1b-9424-1a42bfea5df9,d862b9ed-aaa5-4725-a995-5f67c7f0c8f0,6d6bec16-ee52-40e2-b7e2-637162884484,____ hero of this story reveals ____ universal trust.(GPSSB MS 2018),the, an,a, a,the, a,a, an,option_3,2020-08-25 10:09:22,2020-08-25 10:09:22
e5803b5f-bcc6-4031-bdce-fd3e4dabc783,d862b9ed-aaa5-4725-a995-5f67c7f0c8f0,6d6bec16-ee52-40e2-b7e2-637162884484,"Put appropriate article in the blank in a given sentence. ( GMC SC 2018)
____ Hemu Gadhvi hall of Rajkot is very famous.",a,the,an,none of the above three,option_2,2020-08-25 10:16:40,2020-08-25 10:16:40
2bd65f6b-a723-4a60-94f7-f5449a445340,d862b9ed-aaa5-4725-a995-5f67c7f0c8f0,6d6bec16-ee52-40e2-b7e2-637162884484,____ lotus is our national flower.(DGVCL JA 2018),an,a,the,none,option_3,2020-08-25 10:21:44,2020-08-25 10:21:44
ccd4da25-ad63-4fe7-8e4a-c689e99e6410,d862b9ed-aaa5-4725-a995-5f67c7f0c8f0,6d6bec16-ee52-40e2-b7e2-637162884484,_____ American and _____ European visited our collage for giving guest lecture recently. (GSECL VSE 2018),an, an,the, the,a, an,an, a,option_4,2020-08-25 10:31:58,2020-08-25 10:31:58
a51e0bb8-01d9-40c6-96b1-a2807b7aa03d,d862b9ed-aaa5-4725-a995-5f67c7f0c8f0,6d6bec16-ee52-40e2-b7e2-637162884484,_____chair on which I am sitting is very comfortable. (GSIDS SPA 2018),a,an,the,none of above,option_3,2020-08-25 10:39:06,2020-08-25 10:39:06
9d987dbe-eaf6-432a-b891-8452ca62cb61,d862b9ed-aaa5-4725-a995-5f67c7f0c8f0,6d6bec16-ee52-40e2-b7e2-637162884484,Sri Lanka is ____island. (GTU NA 2018),the,a,"'a' or 'the'",an,option_4,2020-08-25 10:50:25,2020-08-25 10:50:25
abb694c4-8269-4a46-b9fd-e502217a7be9,d862b9ed-aaa5-4725-a995-5f67c7f0c8f0,6d6bec16-ee52-40e2-b7e2-637162884484,He was ____Napoleon of his age.(GSSSB FO 2018),a,the,an,none,option_2,2020-08-25 10:57:02,2020-08-25 10:57:02
5a6bc2af-32e2-4c23-b550-2ffa61e98e8f,d862b9ed-aaa5-4725-a995-5f67c7f0c8f0,6d6bec16-ee52-40e2-b7e2-637162884484,____ little information he had was not quite reliable. (GSSSB FO 2018),a,an,the,article not required,option_3,2020-08-25 11:00:00,2020-08-25 11:00:00
a42ced5c-fbe2-4d99-8884-309bf7ca8927,d862b9ed-aaa5-4725-a995-5f67c7f0c8f0,6d6bec16-ee52-40e2-b7e2-637162884484,"Fill in the blank with the suitable article- (GSECL JAC 2018)
Apples are grown in kashmir .",a,an,the,no article,option_4,2020-08-25 11:04:43,2020-08-25 11:04:43
b78923ab-5ee9-4d8b-bee7-16916f267a78,d862b9ed-aaa5-4725-a995-5f67c7f0c8f0,6d6bec16-ee52-40e2-b7e2-637162884484,Our alumni always meet on ____last month of every year.(GSECL JEE 2018),a,an,the,no article,option_3,2020-08-25 11:08:15,2020-08-25 11:08:15
38a380ba-510a-489f-a239-0ebc41606ca2,d862b9ed-aaa5-4725-a995-5f67c7f0c8f0,6d6bec16-ee52-40e2-b7e2-637162884484,Here is _____watch that you were looking for. (GSECL JEE 2018),a,an,the,no article,option_3,2020-08-25 12:27:54,2020-08-25 12:27:54
75aa9848-1ed9-4d4c-860e-da8a35b76eff,d862b9ed-aaa5-4725-a995-5f67c7f0c8f0,6d6bec16-ee52-40e2-b7e2-637162884484,____ book you want is not available today. (GSSSB LTI 2018),a,an,the,none,option_3,2020-08-25 12:30:14,2020-08-25 12:30:14
cd67a6e5-6977-4930-b424-96c8e42c176b,d862b9ed-aaa5-4725-a995-5f67c7f0c8f0,6d6bec16-ee52-40e2-b7e2-637162884484,He was ____ Nepoleon of his age. (GSSSB LTI 2018),a,the,an,none,option_2,2020-08-25 12:33:27,2020-08-25 12:33:27
24e97f47-50b8-4ae9-a13a-87494fb88c6b,d862b9ed-aaa5-4725-a995-5f67c7f0c8f0,6d6bec16-ee52-40e2-b7e2-637162884484,He lost  ____ right eye in the war. (GSSSB MSI 2018),an,a,one,the,option_4,2020-08-25 12:36:10,2020-08-25 12:36:10
568b679f-cf5b-4995-a0b0-8fe6ac840e6c,d862b9ed-aaa5-4725-a995-5f67c7f0c8f0,6d6bec16-ee52-40e2-b7e2-637162884484,_____soldier lost arm in ____ battle. (GSSCL SO 2017),a, a,the, a,a, the,the, the,option_4,2020-08-25 12:38:29,2020-08-25 12:38:29
31a95ddb-49b4-4c26-aaeb-02330b838a54,d862b9ed-aaa5-4725-a995-5f67c7f0c8f0,6d6bec16-ee52-40e2-b7e2-637162884484,Man cannot live by ____ bread alone. (BMC TAE 2017),the,a,an,only,option_1,2020-08-25 12:41:57,2020-08-25 12:41:57
acc7f4ab-45c7-429f-991b-28cef839f01c,d862b9ed-aaa5-4725-a995-5f67c7f0c8f0,6d6bec16-ee52-40e2-b7e2-637162884484,We have ____ Eucalyptus tree in our garden. (GSSSB AAE 2017),the,an,a,not,option_3,2020-08-25 12:43:53,2020-08-25 12:43:53
6872eeba-1d13-49a3-a5c2-e62e35dce27f,d862b9ed-aaa5-4725-a995-5f67c7f0c8f0,6d6bec16-ee52-40e2-b7e2-637162884484,My father bought ____ H.M.T watch. ______ watch is beautiful. (DFS S 2017),a, the,the, the,an, the,the, a,option_3,2020-08-25 12:48:44,2020-08-25 12:48:44
2792fdcb-b83b-4c25-8e68-7b4ef8be6798,d862b9ed-aaa5-4725-a995-5f67c7f0c8f0,6d6bec16-ee52-40e2-b7e2-637162884484,We cannot take ____ U-turn from here. (GSSSB SA 2017),a,an,the,now,option_1,2020-08-25 12:50:29,2020-08-25 12:50:29
ab446fc7-8e1b-4c9a-86cf-5f05f21e8822,d862b9ed-aaa5-4725-a995-5f67c7f0c8f0,6d6bec16-ee52-40e2-b7e2-637162884484,She wants to become _____doctor. (GEMI ST 2017),a,the,an,no article,option_1,2020-08-25 12:54:01,2020-08-25 12:54:01
7bc23f2a-0e7e-43d2-98e1-1fcb7fc8f165,d862b9ed-aaa5-4725-a995-5f67c7f0c8f0,6d6bec16-ee52-40e2-b7e2-637162884484,"It's on ____ Arthur road. (GEMI CT 2017)",a,the,an,no article,option_2,2020-08-25 12:57:52,2020-08-25 12:57:52
667bf1a9-ed1d-49be-84cd-9f7b0c3f3cc9,d862b9ed-aaa5-4725-a995-5f67c7f0c8f0,6d6bec16-ee52-40e2-b7e2-637162884484,_____ sincere are always rewarded. (GSSSB HCSWI 2017),an,a,the,not,option_3,2020-08-25 13:00:11,2020-08-25 13:00:11
b6106dcd-f050-4d51-a1b2-b25538e0aa82,d862b9ed-aaa5-4725-a995-5f67c7f0c8f0,6d6bec16-ee52-40e2-b7e2-637162884484,"Which series of article will fit in this sentence? (x means 'no article') (GPSC IMV 2017)
""We need ____egg, ____ onion and _____ oil to make ____ single omelette.""",an, an, x, x,an, x, an, a,x, x, an, x,an, an, x, a,option_4,2020-08-25 13:06:13,2020-08-25 13:06:13
a3e43c8a-30e2-475d-bf7d-6e464d837fa3,d862b9ed-aaa5-4725-a995-5f67c7f0c8f0,6d6bec16-ee52-40e2-b7e2-637162884484,"""Which series of article will fit in this this sentence? ( x means 'no article' ) (GPSC IMV 2017)
Many____ times, _____one man committee makes enquiry of _____ administrative official of ______government department.""",x, an, x, the,a, a, the, a,x, a, the, x,a, x, the, x,option_2,2020-08-25 13:13:16,2020-08-25 13:13:16
9681eb5d-00a1-4f8a-bdda-0e4f52a3afc0,d862b9ed-aaa5-4725-a995-5f67c7f0c8f0,6d6bec16-ee52-40e2-b7e2-637162884484,_____ iron industry is fast developing in _____ East. (DPSSC FHWNS 2017),an, an,the, an,the, the,an, the,option_3,2020-08-25 13:16:01,2020-08-25 13:16:01
12027c24-1664-4d82-84a9-4c57d7f68dd6,d862b9ed-aaa5-4725-a995-5f67c7f0c8f0,6d6bec16-ee52-40e2-b7e2-637162884484,_____ CBI had been watching ____ ISI gameplan. (DPSSC FHWNS 2017),a, an,the, the,the, an,a, the,option_2,2020-08-25 13:19:21,2020-08-25 13:19:21
e40c5de7-af70-45ce-88cc-96fbab8db73a,d862b9ed-aaa5-4725-a995-5f67c7f0c8f0,6d6bec16-ee52-40e2-b7e2-637162884484,_____ Mars Mission of India was ____ great success. (DPSSC FHWNS 2017),the, the,the, a,a, a,a, the,option_2,2020-08-25 13:27:22,2020-08-25 13:27:22
0df18b70-3554-465c-a07a-d82716f1ecf3,d862b9ed-aaa5-4725-a995-5f67c7f0c8f0,6d6bec16-ee52-40e2-b7e2-637162884484,Please, move in _____ line. (DPSSC FHWSA 2017),a,one,none,the,option_1,2020-08-25 13:31:05,2020-08-25 13:31:05
ab022e9b-6898-41fa-bec2-2cf3909612b1,d862b9ed-aaa5-4725-a995-5f67c7f0c8f0,6d6bec16-ee52-40e2-b7e2-637162884484,I want ___ apple and two bananas. (DPSSC FHWSA 2017),a,an,none,the,option_2,2020-08-25 13:33:53,2020-08-25 13:33:53
af00bad4-81cd-4a26-b2ea-67109a32dcd2,d862b9ed-aaa5-4725-a995-5f67c7f0c8f0,6d6bec16-ee52-40e2-b7e2-637162884484,"""_____ Gita"" is one of ____ largest selling scripters. (DPSSC FHWSA 2017)",a, the,the, a,the, the,an, a,option_3,2020-08-25 13:37:08,2020-08-25 13:37:08
cac3b32d-b27b-47cb-971b-392bf5e9ad62,d862b9ed-aaa5-4725-a995-5f67c7f0c8f0,6d6bec16-ee52-40e2-b7e2-637162884484,She is ___ MCA from ____ European university. (DPSSC GSNS 2017),a, an,the, an,an, a,an, an,option_3,2020-08-25 13:39:01,2020-08-25 13:39:01
35aed9e8-901f-4c28-8e9f-18744b58acca,d862b9ed-aaa5-4725-a995-5f67c7f0c8f0,6d6bec16-ee52-40e2-b7e2-637162884484,There is ____ old school building next to his office. (DPSSC GSRK 2017),tall,a,an,the,option_3,2020-08-25 13:43:24,2020-08-25 13:43:24
2b10066d-87e0-46ca-9dc9-856c8dd2a5f4,d862b9ed-aaa5-4725-a995-5f67c7f0c8f0,6d6bec16-ee52-40e2-b7e2-637162884484,Did you watch  ______ sunset today? (DPSSC GSSA 2017),the,a,an,none,option_1,2020-08-25 13:45:54,2020-08-25 13:45:54
57741ea1-40a0-45d5-86c1-a43b64005a6b,d862b9ed-aaa5-4725-a995-5f67c7f0c8f0,6d6bec16-ee52-40e2-b7e2-637162884484,He returned home in ____ hour.(DPSSC GSSA 2017),an,the,a,none,option_1,2020-08-25 13:48:59,2020-08-25 13:48:59
66f40769-e4c9-45dd-b9de-12c9524d27e7,d862b9ed-aaa5-4725-a995-5f67c7f0c8f0,6d6bec16-ee52-40e2-b7e2-637162884484,_____ principle was absent in the school.(DPSSC GSSA 2017),an,a,the,none of above,option_3,2020-08-25 14:26:50,2020-08-25 14:26:50
6989858e-4754-46c1-8132-f9a4405175a4,d862b9ed-aaa5-4725-a995-5f67c7f0c8f0,6d6bec16-ee52-40e2-b7e2-637162884484,Electricity was ____ important invention. (DPSSC GSSA 2017),the,a,an,none of three mentioned here,option_3,2020-08-25 14:28:51,2020-08-25 14:28:51
1153617d-d986-4d38-9664-21ac91cfb8ac,d862b9ed-aaa5-4725-a995-5f67c7f0c8f0,6d6bec16-ee52-40e2-b7e2-637162884484,"Don't turn that way. It is _____ one way street. (DPSSC JCNP 2017)",an,the,none,a,option_4,2020-08-25 14:34:12,2020-08-25 14:34:12
695f6d6f-a2ad-41b6-a453-76ba26fd3734,d862b9ed-aaa5-4725-a995-5f67c7f0c8f0,6d6bec16-ee52-40e2-b7e2-637162884484,Assam is in ____ East of our country. (DPSSC JCNS 2017),the,to,a,an,option_1,2020-08-25 14:35:49,2020-08-25 14:35:49
dc691941-9db7-4cfb-a110-5e440bfadff8,d862b9ed-aaa5-4725-a995-5f67c7f0c8f0,6d6bec16-ee52-40e2-b7e2-637162884484,_____ only thing you missed is his lecture.(DPSSC JCNS 2017),the,few,an,a,option_1,2020-08-25 14:37:56,2020-08-25 14:37:56
1e3eb4a6-bd95-4dd5-87b4-d6fa1b57fb72,d862b9ed-aaa5-4725-a995-5f67c7f0c8f0,6d6bec16-ee52-40e2-b7e2-637162884484,Did you join ____ NCC when you were ____ M.Sc student? (DPSSC MPHWNS 2017),the, an,an, a,a, a,the, a,option_1,2020-08-25 14:41:57,2020-08-25 14:41:57
d6c8365c-7aa4-4a16-b619-b5b5abec6487,d862b9ed-aaa5-4725-a995-5f67c7f0c8f0,6d6bec16-ee52-40e2-b7e2-637162884484,____ lotus is _____ national flower of our country.(DPSSC  MPHWNS 2017),the, the,the, a,a, a,a, the,option_1,2020-08-25 14:45:48,2020-08-25 14:45:48
7a992590-4d73-4891-97ff-f240b283832e,d862b9ed-aaa5-4725-a995-5f67c7f0c8f0,6d6bec16-ee52-40e2-b7e2-637162884484,Either ____ European or ____Asian can win the Gold medal. (DPSSC MPHWNS 2017),a, an,an, the,a, a,an, an,option_1,2020-08-25 14:49:22,2020-08-25 14:49:22
00c20097-4890-46d7-89f4-7a97e4610bbb,d862b9ed-aaa5-4725-a995-5f67c7f0c8f0,6d6bec16-ee52-40e2-b7e2-637162884484,_____ INS Vikrant joined  ____Indian Navy long back. (DPSSC MPHWNS 2017),an, the,the, an,an, an,the, the,option_4,2020-08-25 14:52:56,2020-08-25 14:52:56
a20eeed9-3b88-4b60-b880-8f71ee9f4937,d862b9ed-aaa5-4725-a995-5f67c7f0c8f0,6d6bec16-ee52-40e2-b7e2-637162884484,"'Ashok is _____ honourable man.' (DPSSC MPHWPV 2017)",a,an,the,none,option_2,2020-08-25 14:55:45,2020-08-25 14:55:45
6940ce6a-4afc-4319-912f-bc07739be3b8,d862b9ed-aaa5-4725-a995-5f67c7f0c8f0,6d6bec16-ee52-40e2-b7e2-637162884484,____ Taj mahal is in Agra. (DPSSC MPHWRK 2017),that,the,a,an,option_2,2020-08-25 14:57:58,2020-08-25 14:57:58
c4b66515-b4e0-472d-9093-143d3aabb015,d862b9ed-aaa5-4725-a995-5f67c7f0c8f0,6d6bec16-ee52-40e2-b7e2-637162884484,_____ elephant is standing under the tree. (DPSSC MPHWSA 2017),a,the,an,none,option_3,2020-08-25 15:00:21,2020-08-25 15:00:21
ea82b262-eea3-48a6-a309-a5cead492faa,d862b9ed-aaa5-4725-a995-5f67c7f0c8f0,6d6bec16-ee52-40e2-b7e2-637162884484,Vikas secured _____ first rank. (DPSSC MPHWSA 2017),an,at,the,a,option_3,2020-08-25 15:01:45,2020-08-25 15:01:45
8b47a8f1-08d0-401f-b070-271f9b2c6863,d862b9ed-aaa5-4725-a995-5f67c7f0c8f0,6d6bec16-ee52-40e2-b7e2-637162884484,_____ ugly are not bad at hearts. (DPSSC TCMNP 2017),a,the,a,an,option_2,2020-08-25 15:22:20,2020-08-25 15:22:20
4a7e20de-2842-4fa3-b5b3-44bb1b14ed5c,d862b9ed-aaa5-4725-a995-5f67c7f0c8f0,6d6bec16-ee52-40e2-b7e2-637162884484,Let ____ proud be taught the wisdom of politeness. (DPSSC TCMNP 2017),none of these,a,an,the,option_4,2020-08-25 15:25:48,2020-08-25 15:25:48
8eb91602-81e3-416f-8736-469212560d60,d862b9ed-aaa5-4725-a995-5f67c7f0c8f0,6d6bec16-ee52-40e2-b7e2-637162884484,"_____ only scripture she has read it's 'the Gita'. (DPSSC TCMNS 2017)",the,no,an,a,option_1,2020-08-25 15:28:43,2020-08-25 15:28:43
90e0ffaf-a635-4900-bcdb-07df4030dcec,d862b9ed-aaa5-4725-a995-5f67c7f0c8f0,6d6bec16-ee52-40e2-b7e2-637162884484,One of ____options is incorrect. (DPSSC TCMNS 2017),the,this,an,a,option_1,2020-08-25 15:31:08,2020-08-25 15:31:08
fe03b74b-c093-40f6-9afe-1fb488cdb1ca,d862b9ed-aaa5-4725-a995-5f67c7f0c8f0,6d6bec16-ee52-40e2-b7e2-637162884484,"""He died ____year ago."" (DPSSC TCMPV )",the,a,an,few,option_2,2020-08-25 15:33:24,2020-08-25 15:33:24
0d64f941-353a-4a8e-a4a6-ce4f1fb16d28,d862b9ed-aaa5-4725-a995-5f67c7f0c8f0,6d6bec16-ee52-40e2-b7e2-637162884484,"'The Virat' is _____ aircraft carrier.' (DPSSC TCMPV)",all three mentioned here,a,an,the,option_3,2020-08-25 15:36:19,2020-08-25 15:36:19
4627453e-838f-4fe2-8442-1d95f41da691,d862b9ed-aaa5-4725-a995-5f67c7f0c8f0,6d6bec16-ee52-40e2-b7e2-637162884484,That is _____ unique design. (DPSSC TCMRK 2017),the,a,an,some,option_2,2020-08-25 15:40:48,2020-08-25 15:40:48
28e95b11-551c-4137-8cfa-fcde23a262eb,d862b9ed-aaa5-4725-a995-5f67c7f0c8f0,6d6bec16-ee52-40e2-b7e2-637162884484,That was ____ worst experience of my life.(DPSSC TCMSA 2017),the,none,an,a,option_1,2020-08-25 15:42:37,2020-08-25 15:42:37
c5ab9630-a98c-4ee8-ac28-a387bf21e8ed,d862b9ed-aaa5-4725-a995-5f67c7f0c8f0,6d6bec16-ee52-40e2-b7e2-637162884484,Only ____ Guru Govindsinh can fight for ____ national pride. (GPSSB DC 2017),the, the,a, the,the, a,a, a,option_2,2020-08-25 15:45:33,2020-08-25 15:45:33
26dc20ea-5b53-4462-8f93-d425789161f5,d862b9ed-aaa5-4725-a995-5f67c7f0c8f0,6d6bec16-ee52-40e2-b7e2-637162884484,_____invention of _____ anti-cancer vaccine is still  awaited. (GPSSB DC 2017),the, the,the, a,a, a,an, a,option_1,2020-08-25 15:48:29,2020-08-25 15:48:29
f95441ae-afd0-4b2e-8103-672a77cf0842,d862b9ed-aaa5-4725-a995-5f67c7f0c8f0,6d6bec16-ee52-40e2-b7e2-637162884484,____ Aravali ranges are in ____ West of India. (GPSSB EO 2017),an, an,the, a,an, the,the, the,option_4,2020-08-25 15:53:19,2020-08-25 15:53:19
1e449a9d-9da6-44d8-80cf-926ed4642991,d862b9ed-aaa5-4725-a995-5f67c7f0c8f0,6d6bec16-ee52-40e2-b7e2-637162884484,____ India won ____only match. (GPSSB EO 2017),an, an,the, an,the, a,the, the,option_4,2020-08-25 15:56:14,2020-08-25 15:56:14
fce480ec-214e-4b3c-b71a-79df02fb3954,d862b9ed-aaa5-4725-a995-5f67c7f0c8f0,6d6bec16-ee52-40e2-b7e2-637162884484,_____old people should not (go/come) more out in ____ summer. (GPSSB EO 2017),an, a,the, a,an, the,the, the,option_4,2020-08-25 15:58:25,2020-08-25 15:58:25
29edd80b-37fd-4a34-afe3-264e4c58263f,d862b9ed-aaa5-4725-a995-5f67c7f0c8f0,6d6bec16-ee52-40e2-b7e2-637162884484,"On Monday, _____ unarmed man stole gold vhain from _____jewellery shop, ____thief hasn't been caught yet. (GPSC CTO 2017)",an, a, a,an, an, an,an, a, the,an, the, a,option_3,2020-08-25 16:06:44,2020-08-25 16:06:44
b592822b-5f72-457f-b51e-f9abfd1e88aa,d862b9ed-aaa5-4725-a995-5f67c7f0c8f0,6d6bec16-ee52-40e2-b7e2-637162884484,_____ Sinhagadh is in East of Pune. (GPSSB ASO 2017),a, an,the, an,a, the,the, the,option_4,2020-08-25 16:38:57,2020-08-25 16:38:57
ba037ba5-838f-4a7d-a6cc-8c276cea188b,d862b9ed-aaa5-4725-a995-5f67c7f0c8f0,6d6bec16-ee52-40e2-b7e2-637162884484,Only _____ Valmiki can write _____ Ramayana. (GPSSB ASO 2017),the, the,a, the,the, a,a, a,option_2,2020-08-25 16:40:59,2020-08-25 16:40:59
a5236e30-84c4-429e-82f7-420335fa95a9,d862b9ed-aaa5-4725-a995-5f67c7f0c8f0,6d6bec16-ee52-40e2-b7e2-637162884484,"My father said, ""____ neglected spark  burns _____ house.""(GPSSB C 2017)",an, an,a, the,the, a,a, a,option_3,2020-08-25 16:48:28,2020-08-25 16:48:28
54053153-5252-4481-9bcc-43def60098a8,d862b9ed-aaa5-4725-a995-5f67c7f0c8f0,6d6bec16-ee52-40e2-b7e2-637162884484,_____English is basically ____European Language. (GPSSB C 2017),the, a,the, an,an, an,a, a,option_1,2020-08-25 16:52:58,2020-08-25 16:52:58
cbad80d3-b2db-4d76-8c41-277afdcd5547,d862b9ed-aaa5-4725-a995-5f67c7f0c8f0,6d6bec16-ee52-40e2-b7e2-637162884484,Only_____ MD can cure _____ chronic disease.(GPSSB C 2017),an, an,a, a,an, a,the, an,option_3,2020-08-25 16:55:22,2020-08-25 16:55:22
ce62deef-4d16-4847-83b5-75d75a3e2b32,d862b9ed-aaa5-4725-a995-5f67c7f0c8f0,6d6bec16-ee52-40e2-b7e2-637162884484,_____ Sinhagadh is _____ historical site. (GPSSB C 2017),the, the,a, a,the, a,a, the,option_3,2020-08-25 17:02:42,2020-08-25 17:02:42
5c7674bc-bff2-4093-957e-dc4485f5bc73,d862b9ed-aaa5-4725-a995-5f67c7f0c8f0,6d6bec16-ee52-40e2-b7e2-637162884484,_____ UN representative have arrived in _____ capital. (GPSSB DA 2017),the, the,the, a,an, a,an, the,option_1,2020-08-25 17:05:28,2020-08-25 17:05:28
469bdb3c-ce7f-48aa-8a46-140a4e20b45a,d862b9ed-aaa5-4725-a995-5f67c7f0c8f0,6d6bec16-ee52-40e2-b7e2-637162884484,It is ____ good practice to help ____ poor and needy. (GPSSB EO 2017),the, the,a, the,the, a,a, a,option_2,2020-08-25 17:08:07,2020-08-25 17:08:07
4c2e031d-8e6c-48c1-893a-915b09f8329f,d862b9ed-aaa5-4725-a995-5f67c7f0c8f0,6d6bec16-ee52-40e2-b7e2-637162884484,Mahesh is ______ MD from _____US University. (GPSSB MS 2017),an, a,an, an,a, a,a, an,option_1,2020-08-25 17:10:39,2020-08-25 17:10:39
2a588629-b962-4ab9-a2fc-4415a0b10d70,d862b9ed-aaa5-4725-a995-5f67c7f0c8f0,6d6bec16-ee52-40e2-b7e2-637162884484,______ union government rushed teams to _____ affected areas. (GPSSB MS 2017),the, the,an, an,an, the,a, an,option_1,2020-08-25 17:12:54,2020-08-25 17:12:54
e000f31b-33a3-40d5-8ce4-6cb3df396905,d862b9ed-aaa5-4725-a995-5f67c7f0c8f0,6d6bec16-ee52-40e2-b7e2-637162884484,_____audience enjoyed _____ performances by the artists.(GPSSB SWI 2017),an, an,an, the,the, the,an, a,option_3,2020-08-25 17:18:18,2020-08-25 17:18:18
9f4c1f56-b1ae-42e2-a41b-fc12714d2810,d862b9ed-aaa5-4725-a995-5f67c7f0c8f0,6d6bec16-ee52-40e2-b7e2-637162884484,______ Amarnath cave is in _____North of Amritsar.(GPSSB SWI 2017),an, the,an, a,the, a,the, the,option_4,2020-08-25 17:26:27,2020-08-25 17:26:27
b85fd049-b8b0-4398-b8b5-a52dd79498f7,d862b9ed-aaa5-4725-a995-5f67c7f0c8f0,6d6bec16-ee52-40e2-b7e2-637162884484,Narendra Modi is_____ of India. (DPSSC MPHWSA 2017),a Chief minister,the Prime minister,the President,a Prime minister,option_2,2020-08-25 17:29:42,2020-08-25 17:29:42
eeb0bbce-0bb0-4c32-98fc-8dfb6e488955,d862b9ed-aaa5-4725-a995-5f67c7f0c8f0,6d6bec16-ee52-40e2-b7e2-637162884484,Last summer we went on ______ cruise in the Caribbean. Among _____ Islands we visited were Bermuda and the Bahamas. (MGVCL JA  2016),-, the,a, the,the, an,the, -,option_2,2020-08-25 17:46:34,2020-08-25 17:46:34
873d58fa-8361-4e49-94d8-ab02c82f9ccc,d862b9ed-aaa5-4725-a995-5f67c7f0c8f0,6d6bec16-ee52-40e2-b7e2-637162884484,The  Amazon in Brazil is _____ longest river in _____ South America. (MGVCL JA 2016),the, -,the, the,-, the,a, the,option_1,2020-08-25 17:51:48,2020-08-25 17:51:48
81156512-ce48-4048-9eb6-590165d62963,d862b9ed-aaa5-4725-a995-5f67c7f0c8f0,6d6bec16-ee52-40e2-b7e2-637162884484,He is _____ best employee of the month.(PGVCL VSEE 2016),a,an,the,none,option_3,2020-08-25 17:54:28,2020-08-25 17:54:28
eab8f9f2-18cd-430d-909f-d2bc581805d8,d862b9ed-aaa5-4725-a995-5f67c7f0c8f0,6d6bec16-ee52-40e2-b7e2-637162884484,This is ____ unique chance. (RSU JC 2016),an,a,the,of,option_2,2020-08-25 17:56:39,2020-08-25 17:56:39
10600233-1495-431c-9e9b-ebf00cd8c4c4,d862b9ed-aaa5-4725-a995-5f67c7f0c8f0,6d6bec16-ee52-40e2-b7e2-637162884484,______ apple in that basket is fresh. (RSU JC 2016),a,an,the,a and an,option_3,2020-08-25 17:58:23,2020-08-25 17:58:23
7f92dd89-334c-4622-9062-6574b1de2e59,d862b9ed-aaa5-4725-a995-5f67c7f0c8f0,6d6bec16-ee52-40e2-b7e2-637162884484,______ church on the corner was built by Britishers.(GIDC CT 2016),a,an,the,beside,option_3,2020-08-25 18:00:36,2020-08-25 18:00:36
1e025ade-87b6-4b15-85f4-09f56dde4e3d,d862b9ed-aaa5-4725-a995-5f67c7f0c8f0,6d6bec16-ee52-40e2-b7e2-637162884484,Binny is _____ M.B.A. from Oxford University. (GIDC CT 2016),an,a,the,at,option_1,2020-08-25 18:02:35,2020-08-25 18:02:35
82279e4d-1cc2-4361-8fc6-9314a42ca02e,d862b9ed-aaa5-4725-a995-5f67c7f0c8f0,6d6bec16-ee52-40e2-b7e2-637162884484,He sent me ____sms. (GSRTC SK 2016),a,an,the,none of these,option_2,2020-08-25 18:04:00,2020-08-25 18:04:00
f0b9432a-d6d2-4cc0-b2e1-470c6ad81b33,d862b9ed-aaa5-4725-a995-5f67c7f0c8f0,6d6bec16-ee52-40e2-b7e2-637162884484,"Put proper article.(GSSSB BS 2016)
______ littel information he had was not quite reliable",a,an,the,article not required,option_3,2020-08-25 18:07:45,2020-08-25 18:07:45
03be3d62-554e-406c-892d-74bc60afcf22,d862b9ed-aaa5-4725-a995-5f67c7f0c8f0,6d6bec16-ee52-40e2-b7e2-637162884484,It was _____ proudest moment of my life.(GPSC LFT 2016),the,a,an,none,option_1,2020-08-25 18:11:40,2020-08-25 18:11:40
bfe342ea-9a9b-4d0a-a973-46fedc85cbd0,d862b9ed-aaa5-4725-a995-5f67c7f0c8f0,6d6bec16-ee52-40e2-b7e2-637162884484,I will send you _____ sms tomorrow about the next programme.(PGVCL VS 2016),a,an,the,none of a above,option_1,2020-08-25 18:17:35,2020-08-25 18:17:35
ae4cc034-6af6-4047-8e63-9eba12de119c,d862b9ed-aaa5-4725-a995-5f67c7f0c8f0,6d6bec16-ee52-40e2-b7e2-637162884484,______ university always helps us to grow intellectually. (PGVCL VS 2016),a,an,the,none of above,option_1,2020-08-25 19:03:04,2020-08-25 19:03:04